[{
	"alarmId": "0x110B0001",
	"sdkErrorCode": "3001",
	"sdkErrorEnumName": "BATTERY_DISCHARGE_OVER_CURRENT"
}, {
	"alarmId": "0x110B0002",
	"sdkErrorCode": "3002",
	"sdkErrorEnumName": "BATTERY_DISCHARGE_OVER_HEAT"
}, {
	"alarmId": "0x110B0003",
	"sdkErrorCode": "3003",
	"sdkErrorEnumName": "BATTERY_LOW_TEMPERATURE"
}, {
	"alarmId": "0x110B0006",
	"sdkErrorCode": "3004",
	"sdkErrorEnumName": "BATTERY_CELL_BROKEN"
}, {
	"alarmId": "0x1D030001",
	"sdkErrorCode": "2005",
	"sdkErrorEnumName": "GIMBAL_CONNECT_TO_FC_ERROR"
}, {
	"alarmId": "0x1D040004",
	"sdkErrorCode": "2002",
	"sdkErrorEnumName": "GIMBAL_PITCH_ERROR"
}, {
	"alarmId": "0x1D040003",
	"sdkErrorCode": "2003",
	"sdkErrorEnumName": "GIMBAL_ROLL_ERROR"
}, {
	"alarmId": "0x1D040005",
	"sdkErrorCode": "2004",
	"sdkErrorEnumName": "GIMBAL_YAW_ERROR"
}]